-- phpMyAdmin SQL Dump
-- version 4.0.5
-- http://www.phpmyadmin.net
--
-- Host: localhost
-- Generation Time: Aug 18, 2015 at 04:28 PM
-- Server version: 5.5.16-log
-- PHP Version: 5.2.17

SET SQL_MODE = "NO_AUTO_VALUE_ON_ZERO";
SET time_zone = "+00:00";


/*!40101 SET @OLD_CHARACTER_SET_CLIENT=@@CHARACTER_SET_CLIENT */;
/*!40101 SET @OLD_CHARACTER_SET_RESULTS=@@CHARACTER_SET_RESULTS */;
/*!40101 SET @OLD_COLLATION_CONNECTION=@@COLLATION_CONNECTION */;
/*!40101 SET NAMES utf8 */;

--
-- Database: `db_khangtest`
--

-- --------------------------------------------------------

--
-- Table structure for table `categories_multi`
--

CREATE TABLE IF NOT EXISTS `categories_multi` (
  `cat_id` int(11) NOT NULL AUTO_INCREMENT,
  `cat_name` varchar(255) DEFAULT NULL,
  `cat_type` varchar(255) DEFAULT NULL,
  `cat_desc` varchar(255) DEFAULT NULL,
  `cat_picture` varchar(255) DEFAULT NULL,
  `cat_parent_id` int(11) DEFAULT '0',
  `cat_has_child` int(11) DEFAULT '0',
  `cat_note` varchar(255) DEFAULT NULL,
  PRIMARY KEY (`cat_id`)
) ENGINE=MyISAM  DEFAULT CHARSET=utf8 AUTO_INCREMENT=161 ;

--
-- Dumping data for table `categories_multi`
--

INSERT INTO `categories_multi` (`cat_id`, `cat_name`, `cat_type`, `cat_desc`, `cat_picture`, `cat_parent_id`, `cat_has_child`, `cat_note`) VALUES
(160, 'Kho Le Thanh Tong', 'stores', NULL, NULL, 0, 0, ''),
(159, 'Sặc ky', 'menus', '', '', 150, 0, ''),
(158, 'Trà quất xả', 'menus', '', '', 147, 0, ''),
(157, 'Cafe - Cacao', 'menus', '', '', 154, 0, ''),
(156, 'Đồ hộp', 'menus', '', '', 154, 0, ''),
(155, 'Nước hoa quả', 'menus', '', '', 154, 0, ''),
(30, 'Bán hàng', 'money_system_in', NULL, NULL, 0, 0, ''),
(31, 'Nhập hàng', 'money_system_out', NULL, NULL, 0, 0, ''),
(154, 'Đồ uống thường', 'menus', '', '', 0, 0, ''),
(153, 'Trà đặc biệt', 'menus', '', '', 147, 0, ''),
(33, 'Thanh toán công nợ khách hàng', 'money_system_in', NULL, NULL, 0, 0, NULL),
(32, 'Thanh toán công nợ nhà cung cấp', 'money_system_out', NULL, NULL, 0, 0, '                                                                                                                                                                                                                                                               '),
(152, 'Đá xay', 'menus', '', '', 150, 0, ''),
(151, 'Mojito', 'menus', '', '', 150, 0, ''),
(150, 'Đồ uống lạnh', 'menus', '', '', 0, 0, ''),
(149, 'Trà ahmad', 'menus', '', '', 147, 0, ''),
(147, 'Trà', 'menus', '', '', 0, 0, ''),
(148, 'Trà thái', 'menus', '', '', 147, 0, ''),
(146, 'Tiramisu', 'menus', '', '', 140, 0, ''),
(145, 'Khác', 'menus', '', '', 140, 0, ''),
(144, 'Bánh khô', 'menus', '', '', 140, 0, ''),
(142, 'Chaka', 'menus', '', '', 140, 0, ''),
(143, 'Gato', 'menus', '', '', 140, 0, ''),
(141, 'Mousse', 'menus', '', '', 140, 0, ''),
(137, 'Kho Lê Thánh Tông', 'stores', NULL, NULL, 0, 0, ''),
(138, 'Nguyên liệu Bar', 'products', '', '', 0, 0, ''),
(139, 'Nguyên liệu dùng chung', 'products', '', '', 0, 0, ''),
(140, 'Bánh ngọt', 'menus', '', '', 0, 0, '');

-- --------------------------------------------------------

--
-- Table structure for table `menus`
--

CREATE TABLE IF NOT EXISTS `menus` (
  `men_id` int(11) NOT NULL AUTO_INCREMENT,
  `men_name` varchar(255) DEFAULT NULL,
  `men_unit_id` int(11) DEFAULT NULL,
  `men_cat_id` int(11) DEFAULT NULL,
  `men_price` int(11) DEFAULT NULL,
  `men_price1` int(11) DEFAULT NULL,
  `men_price2` int(11) DEFAULT NULL,
  `men_image` varchar(255) DEFAULT NULL,
  `men_note` varchar(255) DEFAULT NULL,
  `men_editable` tinyint(4) DEFAULT '0',
  PRIMARY KEY (`men_id`)
) ENGINE=MyISAM  DEFAULT CHARSET=utf8 AUTO_INCREMENT=229 ;

--
-- Dumping data for table `menus`
--

INSERT INTO `menus` (`men_id`, `men_name`, `men_unit_id`, `men_cat_id`, `men_price`, `men_price1`, `men_price2`, `men_image`, `men_note`, `men_editable`) VALUES
(144, 'Mousse Việt Quất', 14, 141, 35000, 0, 0, '', '', 0),
(145, 'Mousse Chanh leo', 14, 141, 35000, 0, 0, '', '', 0),
(146, 'Mousse Cafe', 14, 141, 38000, 0, 0, '', '', 0),
(147, 'Mousse Cam Bạc Hà', 14, 141, 35000, 0, 0, '', '', 0),
(148, 'Mousse Dâu', 14, 141, 35000, 0, 0, '', '', 0),
(149, 'Mousse Trà Xanh', 14, 141, 35000, 0, 0, '', '', 0),
(150, 'Mousse Xoài Chanh Leo', 14, 141, 35000, 0, 0, '', '', 0),
(151, 'Mousse Đào - PBT', 14, 141, 38000, 0, 0, '', '', 0),
(152, 'Chaka Việt Quất', 14, 142, 45000, 0, 0, '', '', 0),
(153, 'Chaka Kahlua', 14, 142, 45000, 0, 0, '', '', 0),
(154, 'Red Velvet', 14, 143, 40000, 0, 0, '', '', 0),
(155, 'Gato Flan', 15, 143, 20000, 0, 0, '', '', 0),
(156, 'Laminton', 16, 143, 10000, 0, 0, '', '', 0),
(157, 'Black Velvet', 14, 143, 45000, 0, 0, '', '', 0),
(158, 'Lưỡi mèo truyền thống', 17, 144, 38000, 0, 0, '', '', 0),
(159, 'Lưỡi mèo trà xanh', 17, 144, 45000, 0, 0, '', '', 0),
(160, 'Bánh Crincle', 17, 144, 35000, 0, 0, '', '', 0),
(161, 'Nama chocolate', 16, 145, 10000, 0, 0, '', '', 0),
(162, 'Pie Coconut', 14, 145, 38000, 0, 0, '', '', 0),
(163, 'Tiramisu truyền thống', 18, 146, 45000, 0, 0, '', '', 0),
(164, 'Tiramisu trà xanh', 18, 146, 32000, 0, 0, '', '', 0),
(165, 'Tiramisu sầu riêng', 18, 146, 28000, 0, 0, '', '', 0),
(166, 'Tiramisu truyền thống (tw)', 14, 146, 0, 0, 0, '', '', 0),
(167, 'Tiramisu trà xanh (tw)', 14, 146, 40000, 0, 0, '', '', 0),
(168, 'Tiramisu sầu riêng (tw)', 14, 146, 40000, 0, 0, '', '', 0),
(169, 'Carrot - Bunny', 18, 143, 28000, 0, 0, '', '', 0),
(170, 'Chuối - Minion', 18, 143, 25000, 0, 0, '', '', 0),
(171, 'Carrot - Bunny (tw)', 14, 143, 28000, 0, 0, '', '', 0),
(172, 'Chuối - Minion (tw)', 14, 143, 25000, 0, 0, '', '', 0),
(173, 'THÁI XANH', 18, 148, 25000, 0, 0, '', '', 0),
(174, 'THÁI ĐỎ', 18, 148, 25000, 0, 0, '', '', 0),
(175, 'TRÀ AHMAD DÂU Ko SỮA', 18, 149, 20000, 0, 0, '', '', 0),
(176, 'TRÀ AHMAD ĐÀO- CL Ko SỮA', 18, 149, 20000, 0, 0, '', '', 0),
(177, 'TRÀ AHMAD PBT Ko SỮA', 18, 149, 20000, 0, 0, '', '', 0),
(178, 'TRÀ AHMAD NHO ĐEN Ko SỮA', 18, 149, 20000, 0, 0, '', '', 0),
(179, 'TRÀ AHMAD TÁO Ko SỮA', 18, 149, 20000, 0, 0, '', '', 0),
(180, 'TRÀ AHMAD BẠC HÀ Ko SỮA', 18, 149, 20000, 0, 0, '', '', 0),
(181, 'TRÀ AHMAD BÁ TƯỚC Ko SỮA', 18, 149, 20000, 0, 0, '', '', 0),
(182, 'TRÀ AHMAD NHÀI Ko SỮA', 18, 149, 20000, 0, 0, '', '', 0),
(183, 'TRÀ AHMAD QUẾ Ko SỮA', 18, 149, 20000, 0, 0, '', '', 0),
(184, 'TRÀ AHMAD CHANH Ko SỮA', 18, 149, 20000, 0, 0, '', '', 0),
(185, 'TRÀ AHMAD DÂU CÓ SỮA', 18, 149, 25000, 0, 0, '', '', 0),
(186, 'TRÀ AHMAD ĐÀO- CL CÓ SỮA', 18, 149, 25000, 0, 0, '', '', 0),
(187, 'TRÀ AHMAD PBT CÓ SỮA', 18, 149, 25000, 0, 0, '', '', 0),
(188, 'TRÀ AHMAD NHO ĐEN CÓ SỮA', 18, 149, 25000, 0, 0, '', '', 0),
(189, 'TRÀ AHMAD TÁO CÓ SỮA', 18, 149, 25000, 0, 0, '', '', 0),
(190, 'TRÀ AHMAD BẠC HÀ CÓ SỮA', 18, 149, 25000, 0, 0, '', '', 0),
(191, 'TRÀ AHMAD BÁ TƯỚC CÓ SỮA', 18, 149, 25000, 0, 0, '', '', 0),
(192, 'TRÀ AHMAD NHÀI CÓ SỮA', 18, 149, 25000, 0, 0, '', '', 0),
(193, 'TRÀ AHMAD QUẾ CÓ SỮA', 18, 149, 25000, 0, 0, '', '', 0),
(194, 'TRÀ AHMAD CHANH CÓ SỮA', 18, 149, 25000, 0, 0, '', '', 0),
(195, 'MOJINTO ĐẶC BIỆT', 18, 151, 45000, 0, 0, '', '', 0),
(196, 'MOJINTO VIỆT QUẤT', 18, 151, 40000, 0, 0, '', '', 0),
(197, 'MOJINTO DÂU TÂY', 18, 151, 40000, 0, 0, '', '', 0),
(198, 'MOJINTO CHANH LEO', 18, 151, 40000, 0, 0, '', '', 0),
(199, 'MOJINTO BẠC HÀ', 18, 151, 40000, 0, 0, '', '', 0),
(200, 'CHANH TUYẾT', 18, 152, 30000, 0, 0, '', '', 0),
(201, 'CHANH LEO TUYẾT', 18, 152, 35000, 0, 0, '', '', 0),
(202, 'QUẤT TUYẾT', 18, 152, 30000, 0, 0, '', '', 0),
(203, 'CACAO ĐÁ', 18, 152, 32000, 0, 0, '', '', 0),
(204, 'CAFÉ CỐT DỪA', 18, 152, 35000, 0, 0, '', '', 0),
(205, 'TRÀ TÁO BẠC HÀ', 18, 153, 40000, 0, 0, '', '', 0),
(206, 'TRÀ ĐÀO LẠNH', 18, 153, 40000, 0, 0, '', '', 0),
(207, 'TRÀ DÂU LẠNH', 18, 153, 40000, 0, 0, '', '', 0),
(208, 'TRÀ XOÀI LẠNH', 18, 153, 40000, 0, 0, '', '', 0),
(209, 'CHANH MẬT ONG', 18, 155, 28000, 0, 0, '', '', 0),
(210, 'QUẤT MẬT ONG', 18, 155, 28000, 0, 0, '', '', 0),
(211, 'QUẤT LẠNH', 18, 155, 20000, 0, 0, '', '', 0),
(212, 'CHANH TƯƠI LẠNH', 18, 155, 20000, 0, 0, '', '', 0),
(213, 'CHANH LEO LẠNH', 18, 155, 25000, 0, 0, '', '', 0),
(214, 'MƠ MUỐI', 18, 156, 25000, 0, 0, '', '', 0),
(215, 'CHANH MUỐI', 18, 156, 25000, 0, 0, '', '', 0),
(216, 'ME ĐÁ', 18, 156, 25000, 0, 0, '', '', 0),
(217, 'CACAO NÓNG', 18, 157, 28000, 0, 0, '', '', 0),
(218, 'ĐEN ĐÁ', 18, 157, 20000, 0, 0, '', '', 0),
(219, 'NÂU ĐÁ', 18, 157, 25000, 0, 0, '', '', 0),
(220, 'TRÀ QUẤT MẬT ONG', 18, 158, 30000, 0, 0, '', '', 0),
(221, 'TRÀ LẮC QUẤT SẢ MẬT ONG', 18, 158, 32000, 0, 0, '', '', 0),
(222, 'TRÀ LẮC QUẤT BẠC HÀ', 18, 158, 35000, 0, 0, '', '', 0),
(223, 'SẶC KY CHANH LEO', 18, 159, 25000, 0, 0, '', '', 0),
(224, 'SẶC KY VIỆT QUẤT', 18, 159, 25000, 0, 0, '', '', 0),
(225, 'SẶC KY ĐÀO', 18, 159, 25000, 0, 0, '', '', 0),
(226, 'SẶC KY THẠCH THỦY TINH', 18, 159, 25000, 0, 0, '', '', 0),
(227, 'SẶC KY CACAO', 18, 159, 25000, 0, 0, '', '', 0),
(228, 'SẶC KY CAFE', 18, 159, 25000, 0, 0, '', '', 0);

-- --------------------------------------------------------

--
-- Table structure for table `menu_products`
--

CREATE TABLE IF NOT EXISTS `menu_products` (
  `mep_menu_id` int(11) NOT NULL,
  `mep_product_id` int(11) NOT NULL,
  `mep_quantity` float DEFAULT '0' COMMENT 'số lượng nguyên liệu trong thực đơn',
  UNIQUE KEY `key` (`mep_menu_id`,`mep_product_id`)
) ENGINE=InnoDB DEFAULT CHARSET=latin1;

--
-- Dumping data for table `menu_products`
--

INSERT INTO `menu_products` (`mep_menu_id`, `mep_product_id`, `mep_quantity`) VALUES
(144, 581, 1),
(145, 582, 1),
(146, 583, 1),
(147, 584, 1),
(148, 585, 1),
(149, 586, 1),
(150, 587, 1),
(151, 588, 1),
(152, 589, 1),
(153, 590, 1),
(154, 591, 1),
(155, 592, 1),
(156, 593, 1),
(157, 594, 1),
(158, 595, 1),
(159, 596, 1),
(160, 597, 1),
(161, 598, 1),
(162, 599, 1),
(163, 600, 1),
(164, 601, 1),
(165, 602, 1),
(166, 603, 1),
(167, 604, 1),
(168, 605, 1),
(169, 606, 1),
(170, 607, 1),
(171, 608, 1),
(172, 609, 1),
(173, 535, 25),
(173, 541, 2.3),
(173, 544, 0.3),
(173, 546, 150),
(173, 610, 3),
(174, 535, 25),
(174, 542, 4.6),
(174, 544, 0.3),
(174, 546, 150),
(174, 610, 3),
(175, 546, 160),
(175, 547, 1),
(175, 610, 17.5),
(176, 546, 160),
(176, 548, 1),
(176, 610, 17.5),
(177, 546, 160),
(177, 549, 1),
(177, 610, 17.5),
(178, 546, 160),
(178, 550, 1),
(178, 610, 17.5),
(179, 546, 160),
(179, 551, 1),
(179, 610, 17.5),
(180, 546, 160),
(180, 552, 1),
(180, 610, 17.5),
(181, 546, 160),
(181, 553, 1),
(181, 610, 17.5),
(182, 546, 160),
(182, 554, 1),
(182, 610, 17.5),
(183, 546, 160),
(183, 555, 1),
(183, 610, 17.5),
(184, 546, 160),
(184, 556, 1),
(184, 610, 17.5),
(185, 535, 20),
(185, 546, 160),
(185, 547, 1),
(185, 610, 17.5),
(186, 535, 20),
(186, 546, 160),
(186, 548, 1),
(186, 610, 17.5),
(187, 535, 20),
(187, 546, 160),
(187, 549, 1),
(187, 610, 17.5),
(188, 535, 20),
(188, 546, 160),
(188, 550, 1),
(188, 610, 17.5),
(189, 535, 20),
(189, 546, 160),
(189, 551, 1),
(189, 610, 17.5),
(190, 535, 20),
(190, 546, 160),
(190, 552, 1),
(190, 610, 17.5),
(191, 535, 20),
(191, 546, 160),
(191, 553, 1),
(191, 610, 17.5),
(192, 535, 20),
(192, 546, 160),
(192, 554, 1),
(192, 610, 17.5),
(193, 535, 20),
(193, 546, 160),
(193, 555, 1),
(193, 610, 17.5),
(194, 535, 20),
(194, 546, 160),
(194, 556, 1),
(194, 610, 17.5),
(195, 534, 221),
(195, 536, 30),
(195, 539, 30),
(195, 546, 200),
(195, 560, 2),
(195, 567, 25),
(195, 580, 30),
(196, 534, 221),
(196, 536, 10),
(196, 539, 40),
(196, 546, 200),
(196, 567, 25),
(197, 534, 221),
(197, 536, 30),
(197, 546, 200),
(197, 560, 2),
(197, 567, 25),
(197, 580, 50),
(198, 534, 221),
(198, 536, 10),
(198, 540, 40),
(198, 546, 200),
(198, 560, 2),
(198, 567, 25),
(198, 611, 30),
(199, 534, 221),
(199, 536, 40),
(199, 546, 200),
(199, 560, 2),
(199, 567, 25),
(199, 579, 10),
(200, 535, 50),
(200, 546, 315),
(200, 567, 91),
(200, 610, 26),
(201, 535, 50),
(201, 546, 315),
(201, 568, 200),
(201, 610, 26),
(202, 535, 50),
(202, 546, 200),
(202, 557, 60),
(202, 567, 30),
(202, 610, 28.5),
(203, 535, 50),
(203, 546, 100),
(203, 571, 5),
(203, 610, 9),
(203, 612, 20),
(204, 535, 30),
(204, 546, 315),
(204, 561, 50),
(204, 570, 25),
(204, 610, 17.5),
(205, 538, 50),
(205, 545, 22),
(205, 546, 160),
(205, 560, 2),
(206, 546, 160),
(206, 567, 25),
(206, 610, 17.5),
(206, 613, 1),
(207, 546, 160),
(207, 567, 25),
(207, 610, 17.5),
(207, 614, 19),
(208, 540, 20),
(208, 546, 160),
(208, 566, 100),
(209, 546, 160),
(209, 558, 15),
(209, 567, 50),
(209, 610, 17.5),
(210, 546, 160),
(210, 557, 50),
(210, 558, 15),
(210, 610, 17.5),
(211, 546, 200),
(211, 557, 45),
(211, 610, 17.5),
(212, 546, 150),
(212, 567, 45),
(212, 610, 17.5),
(213, 546, 150),
(213, 568, 160),
(213, 610, 17.5),
(214, 546, 200),
(214, 563, 55),
(214, 610, 26),
(215, 546, 200),
(215, 564, 105),
(215, 610, 26),
(216, 546, 200),
(216, 565, 50),
(216, 610, 26),
(217, 535, 50),
(217, 571, 5),
(217, 612, 15),
(218, 546, 50),
(218, 570, 25),
(218, 610, 17.5),
(219, 535, 20),
(219, 546, 50),
(219, 570, 25),
(220, 543, 1),
(220, 546, 160),
(220, 557, 42),
(220, 558, 15),
(220, 610, 17.5),
(221, 543, 1),
(221, 546, 160),
(221, 557, 42),
(221, 558, 15),
(221, 559, 20),
(221, 610, 17.5),
(222, 543, 1),
(222, 546, 160),
(222, 579, 15),
(222, 610, 17.5),
(223, 535, 20),
(223, 546, 150),
(223, 578, 1),
(223, 611, 30),
(224, 535, 20),
(224, 546, 150),
(224, 577, 1),
(224, 615, 30),
(225, 535, 20),
(225, 546, 150),
(225, 577, 1),
(225, 616, 30),
(226, 535, 30),
(226, 546, 150),
(226, 562, 45),
(226, 577, 1),
(227, 535, 30),
(227, 546, 150),
(227, 577, 1),
(227, 612, 10),
(228, 535, 30),
(228, 546, 150),
(228, 561, 20),
(228, 570, 5),
(228, 577, 1);

-- --------------------------------------------------------

--
-- Table structure for table `products`
--

CREATE TABLE IF NOT EXISTS `products` (
  `pro_id` int(11) NOT NULL AUTO_INCREMENT,
  `pro_name` varchar(255) NOT NULL,
  `pro_image` varchar(255) DEFAULT NULL,
  `pro_note` text,
  `pro_cat_id` int(11) DEFAULT NULL,
  `pro_unit_id` int(11) DEFAULT NULL,
  `pro_code` varchar(255) DEFAULT NULL,
  `pro_instock` int(11) DEFAULT '0' COMMENT 'Cảnh báo số lượng trong kho còn tối thiểu',
  `pro_status` tinyint(4) DEFAULT '1',
  PRIMARY KEY (`pro_id`)
) ENGINE=MyISAM  DEFAULT CHARSET=utf8 AUTO_INCREMENT=617 ;

--
-- Dumping data for table `products`
--

INSERT INTO `products` (`pro_id`, `pro_name`, `pro_image`, `pro_note`, `pro_cat_id`, `pro_unit_id`, `pro_code`, `pro_instock`, `pro_status`) VALUES
(534, 'Soda', '', '', 138, 11, '', 0, 0),
(535, 'Sữa đặc', '', '', 138, 11, '', 0, 0),
(536, 'Siro Mojito torani', '', '', 138, 11, '', 0, 0),
(537, 'Siro táo torani', '', '', 138, 11, '', 0, 0),
(538, 'Siro táo nana', '', '', 138, 11, '', 0, 0),
(539, 'Siro Việt quất Monin', '', '', 138, 11, '', 0, 0),
(540, 'Siro Chanh leo Monin', '', '', 138, 11, '', 0, 0),
(541, 'Thái xanh', '', '', 138, 12, '', 0, 0),
(542, 'Thái đỏ', '', '', 138, 12, '', 0, 0),
(543, 'Trà lipton', '', '', 138, 13, '', 0, 0),
(544, 'Bột thạch con cá dẻo', '', '', 138, 12, '', 0, 0),
(545, 'Táo', '', '', 138, 12, '', 0, 0),
(546, 'Đá', '', '', 138, 12, '', 0, 0),
(547, 'Trà Dâu Anh Quốc', '', '', 138, 13, '', 0, 0),
(548, 'Trà Đào- Chanh leo', '', '', 138, 13, '', 0, 0),
(549, 'Trà Phúc Bồn Tử', '', '', 138, 13, '', 0, 0),
(550, 'Trà Nho đen', '', '', 138, 13, '', 0, 0),
(551, 'Trà Táo Anh Quốc', '', '', 138, 13, '', 0, 0),
(552, 'Trà Bạc hà Anh Quốc', '', '', 138, 13, '', 0, 0),
(553, 'Trà Bá tước Anh Quốc', '', '', 138, 13, '', 0, 0),
(554, 'Trà Nhài Anh Quốc', '', '', 138, 13, '', 0, 0),
(555, 'Trà Quế Anh Quốc', '', '', 138, 13, '', 0, 0),
(556, 'Trà Chanh Anh Quốc', '', '', 138, 13, '', 0, 0),
(557, 'Quất', '', '', 138, 12, '', 0, 0),
(558, 'Mật ong', '', '', 138, 11, '', 0, 0),
(559, 'Sả', '', '', 138, 12, '', 0, 0),
(560, 'Lá bạc hà', '', '', 138, 12, '', 0, 0),
(561, 'Nước cốt dừa', '', '', 138, 11, '', 0, 0),
(562, 'Thạch thủy tinh 2,5kg', '', '', 138, 12, '', 0, 0),
(563, 'Mơ muối 1,9kg', '', '', 138, 12, '', 0, 0),
(564, 'Chanh muối 2kg', '', '', 138, 12, '', 0, 0),
(565, 'Me đá 2kg', '', '', 138, 12, '', 0, 0),
(566, 'Xoài', '', '', 138, 12, '', 0, 0),
(567, 'Chanh tươi', '', '', 139, 12, '', 0, 0),
(568, 'Chanh leo', '', '', 139, 12, '', 0, 0),
(569, 'Bột Cacao', '', '', 139, 12, '', 0, 0),
(570, 'Cafe Nhân', '', '', 139, 12, '', 0, 0),
(571, 'Nescafe', '', '', 139, 12, '', 0, 0),
(572, 'Dâu tây', '', '', 139, 12, '', 0, 0),
(573, 'Đào hộp', '', '', 139, 14, '', 0, 0),
(574, 'Sinh tố Chanh leo gordenfarm', '', '', 139, 11, '', 0, 0),
(575, 'Sinh tố Việt Quất Orterbeg', '', '', 139, 11, '', 0, 0),
(576, 'Sinh tố Đào Orterbeg', '', '', 139, 11, '', 0, 0),
(577, 'Sữa chua thường', '', '', 139, 11, '', 0, 0),
(578, 'Sữa chua chanh leo', '', '', 139, 11, '', 0, 0),
(579, 'Siro bạc hà torani', '', '', 139, 11, '', 0, 0),
(580, 'Siro dâu torani', '', '', 139, 11, '', 0, 0),
(581, 'Mousse Việt Quất', '', '', 0, 0, '', 0, 0),
(582, 'Mousse Chanh leo', '', '', 0, 0, '', 0, 0),
(583, 'Mousse Cafe', '', '', 0, 0, '', 0, 0),
(584, 'Mousse Cam Bạc Hà', '', '', 0, 0, '', 0, 0),
(585, 'Mousse Dâu', '', '', 0, 0, '', 0, 0),
(586, 'Mousse Trà Xanh', '', '', 0, 0, '', 0, 0),
(587, 'Mousse Xoài Chanh Leo', '', '', 0, 0, '', 0, 0),
(588, 'Mousse Đào - PBT', '', '', 0, 0, '', 0, 0),
(589, 'Chaka Việt Quất', '', '', 0, 0, '', 0, 0),
(590, 'Chaka Kahlua', '', '', 0, 0, '', 0, 0),
(591, 'Red Velvet', '', '', 0, 0, '', 0, 0),
(592, 'Gato Flan', '', '', 0, 0, '', 0, 0),
(593, 'Laminton', '', '', 0, 0, '', 0, 0),
(594, 'Black Velvet', '', '', 0, 0, '', 0, 0),
(595, 'Lưỡi mèo truyền thống', '', '', 0, 0, '', 0, 0),
(596, 'Lưỡi mèo trà xanh', '', '', 0, 0, '', 0, 0),
(597, 'Bánh Crincle', '', '', 0, 0, '', 0, 0),
(598, 'Nama chocolate', '', '', 0, 0, '', 0, 0),
(599, 'Pie Coconut', '', '', 0, 0, '', 0, 0),
(600, 'Tiramisu truyền thống', '', '', 0, 0, '', 0, 0),
(601, 'Tiramisu trà xanh', '', '', 0, 0, '', 0, 0),
(602, 'Tiramisu sầu riêng', '', '', 0, 0, '', 0, 0),
(603, 'Tiramisu truyền thống (tw)', '', '', 0, 0, '', 0, 0),
(604, 'Tiramisu trà xanh (tw)', '', '', 0, 0, '', 0, 0),
(605, 'Tiramisu sầu riêng (tw)', '', '', 0, 0, '', 0, 0),
(606, 'Carrot - Bunny', '', '', 0, 0, '', 0, 0),
(607, 'Chuối - Minion', '', '', 0, 0, '', 0, 0),
(608, 'Carrot - Bunny (tw)', '', '', 0, 0, '', 0, 0),
(609, 'Chuối - Minion (tw)', '', '', 0, 0, '', 0, 0),
(610, 'Đường vàng', '', '', 0, 0, '', 0, 0),
(611, 'Siro Sinh tố Chanh Leo godenfarm', '', '', 0, 0, '', 0, 0),
(612, 'Cacao', '', '', 0, 0, '', 0, 0),
(613, 'Đào ngâm (Miếng)', '', '', 0, 0, '', 0, 0),
(614, 'Dâu', '', '', 0, 0, '', 0, 0),
(615, 'Siro Sinh tố Việt Quất Orterbeg', '', '', 0, 0, '', 0, 0),
(616, 'Siro Sinh tố Đào Orterbeg', '', '', 0, 0, '', 0, 0);

-- --------------------------------------------------------

--
-- Table structure for table `product_quantity`
--

CREATE TABLE IF NOT EXISTS `product_quantity` (
  `product_id` int(11) NOT NULL DEFAULT '0',
  `store_id` int(11) NOT NULL DEFAULT '0',
  `pro_quantity` float DEFAULT '0',
  UNIQUE KEY `pro_id` (`product_id`,`store_id`) USING BTREE
) ENGINE=InnoDB DEFAULT CHARSET=latin1;

--
-- Dumping data for table `product_quantity`
--

INSERT INTO `product_quantity` (`product_id`, `store_id`, `pro_quantity`) VALUES
(534, 137, 0),
(535, 137, 0),
(536, 137, 0),
(537, 137, 0),
(538, 137, 0),
(539, 137, 0),
(540, 137, 0),
(541, 137, 0),
(542, 137, 0),
(543, 137, 0),
(544, 137, 0),
(545, 137, 0),
(546, 137, 0),
(547, 137, 0),
(548, 137, 0),
(549, 137, 0),
(550, 137, 0),
(551, 137, 0),
(552, 137, 0),
(553, 137, 0),
(554, 137, 0),
(555, 137, 0),
(556, 137, 0),
(557, 137, 0),
(558, 137, 0),
(559, 137, 0),
(560, 137, 0),
(561, 137, 0),
(562, 137, 0),
(563, 137, 0),
(564, 137, 0),
(565, 137, 0),
(566, 137, 0),
(567, 137, 0),
(568, 137, 0),
(569, 137, 0),
(570, 137, 0),
(571, 137, 0),
(572, 137, 0),
(573, 137, 0),
(574, 137, 0),
(575, 137, 0),
(576, 137, 0),
(577, 137, 0),
(578, 137, 0),
(579, 137, 0),
(580, 137, 0);

-- --------------------------------------------------------

--
-- Table structure for table `units`
--

CREATE TABLE IF NOT EXISTS `units` (
  `uni_id` int(11) NOT NULL AUTO_INCREMENT,
  `uni_name` varchar(255) DEFAULT NULL,
  `uni_note` varchar(255) DEFAULT NULL,
  PRIMARY KEY (`uni_id`)
) ENGINE=MyISAM  DEFAULT CHARSET=utf8 AUTO_INCREMENT=19 ;

--
-- Dumping data for table `units`
--

INSERT INTO `units` (`uni_id`, `uni_name`, `uni_note`) VALUES
(11, 'ml', ''),
(12, 'g', ''),
(13, 'gói', ''),
(14, 'miếng', ''),
(15, 'Suất', ''),
(16, 'Viên', ''),
(17, 'Túi', ''),
(18, 'Cốc', '');

/*!40101 SET CHARACTER_SET_CLIENT=@OLD_CHARACTER_SET_CLIENT */;
/*!40101 SET CHARACTER_SET_RESULTS=@OLD_CHARACTER_SET_RESULTS */;
/*!40101 SET COLLATION_CONNECTION=@OLD_COLLATION_CONNECTION */;
